{"G7SYhN+QlgEIt1G5stMwFA==":"mbr-1920x1080.jpg","qQ4Er698NmE+hNHT2VUctg==":"mbr-1-1920x1078.jpg","F633kFD/5wMExEBT90QP2A==":"mbr-240x160.jpg","hpYrjMYrVr6Si33jLkA32g==":"mbr-1474x1080.jpg","nIHxvEXlXbgPRYtIh1HuOw==":"mbr-1709x1080.jpg","MdmYY68RDUM3QlV3qEMz2g==":"background6.jpg","mIlmnViNDYrZZoRfbG+zug==":"mbr-3-1620x1080.jpg","E7YUF5/XfnS0q8GUUCrOIw==":"mbr-4-1620x1080.jpg","kYAirFMtaw+PO+Iwf9vCzQ==":"mbr-1625x1080.jpg","QG8qtrm1UelmVZEy2L/b2Q==":"mbr-5-1620x1080.jpg","Qv8J8Zryr7EOrTkEQvRx1A==":"mbr-7-1620x1080.jpg","NABkP9i4t4mIGSpFn73WIA==":"background1.jpg","jEWH0/umxbnzPuwnNSF00Q==":"mbr-1618x1080.jpg","73kF9RBO/ua2oPdmxH+18g==":"miles%20away-240x240.jpg","Jlvl5X8zLQORXHsspvSK7w==":"picsart_03-23-04.19.21-866x1154.jpg","XZAnLHZaCSxQE6fDFsmmIQ==":"mbr-1-240x160.jpg","MQYNS3Hk3j4fx7mjaD1s2w==":"mbr-2-1920x1078.jpg","7ZKjPpJngsjDxlfXZB9OJA==":"midnight%20oils-2000x2000.jpeg","PIviYpNRVzfFIWYEhu6RcQ==":"20220320-163507-2000x1500.jpeg","77qvqwNwQsZq28rncLreDg==":"logo-128x128.png","SW04VWnu2zqyUKXXiGfbDg==":"20220320-163508-2000x1500.jpeg","X+IZSpANwsDmYczqaTnu8Q==":"midnight%20oils-2000x2000.jpeg","XCuiT70brGjLo9fPBmM0gQ==":"midnight%20oils-2000x2000.jpg","Wckxp/mEdRI5B8a5izP4/g==":"20220320-183903-2000x1500.jpeg","LwKtzsdf2qkvBt5s+ltPJA==":"jumbotron.jpg","CV+S3lqUblQ6UF2O2XX/Aw==":"miles%20away-2000x2000.jpg","Gy21N1JjxA5sW0j4kGZrMw==":"miles%20away-2000x2000.jpeg","sjHxoafI/vZxU1GIyjkYng==":"sq2.jpg","HULZ08c5mPl2S7JnJa4DLQ==":"crtive-2000x1500.jpeg","OZsloX6UQcnV2fncUQKBwQ==":"logo%20face-984x984.jpeg","b4Iqrrih/VhmIDp1zzC9Jg==":"untitled-1-2000x2000.png","E5pGi1MVFZ8tk6Xm/Cu92Q==":"get,%20boy,%20limit-2000x2000.jpeg","GvDw+ODcchP+WNMXXEQ1Fg==":"logo%20500x500%20round-192x192.png","7vw8LH2xOE6w0MerueyYZQ==":"background4.jpg","6Z3l4m52Ca05cJmFzWwEjw==":"logo%20face-2000x2000.jpeg","/gKwpFzDbVfRv8etSBfvZw==":"picsart_05-11-05.11%20edit-1158x2058.png","EJ+KyH7hPYmnd8GshQ/i2w==":"picsart_05-11-05.11%20edit-1158x2058.png","Ch2Webrv6nt055bYqNPviA==":"logo%20square-1158x1158.png","GM5uBooT5KjQEowp1g5Olw==":"logo%20square-1158x1158.jpg","KW9x9ihc90dXqD5UVEb4bA==":"logo%20square-1158x1158.jpg","jYnKxEi46Qfa9v23v9vCFg==":"logo%20face%202-2000x2000.png","i9r05AFL9JA6dKmgzLqWpw==":"logo%20face%202-1158x1158.png","qY9g1aiohUWJ/al6P35ZKA==":"logo2.png","70XtX2VB74Jn12pc9HnfQg==":"20220429-112554-2000x1500.jpg","PUG7w/X2fGhyfbHsvCztgg==":"product%20%5Bizotope%20-%20trash%203%5D%201-1484x1077.jpg","BuOIbr6JFHOhduVkjpvf/w==":"product%20%5Bizotope%20-%20trash%203%5D%202-1484x1061.jpg","245RtEEQDHbYzX5Nmu6gEQ==":"product%20%5Bizotope%20-%20trash%203%5D%203-1485x1112.jpg","10hr1/QU9lQELNvHiuXfNQ==":"20220429-112554-2000x1500.jpeg","S8XSGe4yT7Pd500kEyZjNg==":"logo-500x500-round-128x128.png","4nCsjZPS0Oh/w/c9Mg3AbA==":"logo-500x500-round-192x192.png","sLG2Qmv8zzvDODHQOQ699g==":"crtive-1-2000x1500.jpeg","gQlJBmHcVCmfAfRTVZeaVA==":"simple%20and%20plain%201-2000x1342.jpg","+7EB6Z5RFfZqs4+EFz8NUQ==":"simple%20and%20plain%201-2000x1342.jpeg","1YlTYfmbKMDa0r0vrtoY0A==":"simple%20and%20plain%201-2000x1342.jpeg","WBMdEkhqn4Ou4/D9JBy8lA==":"simple%20and%20plain%201-2-2000x1342.jpg","xKMWRh4gYqdRDq9VFuYNsg==":"octo8r%20-%20analog%20journey%20logo-2000x2000.jpg","tS+YbbnNiwx7fTi9HUiUFw==":"octo8r%20-%20analog%20journey%20logo%202-2000x1333.jpg","8LJAakNGwgGNWp1rsXBaKw==":"octo8r%20-%20analog%20journey%20logo%202-2000x1333.jpg","caxfJZqm0Rl4Pjl3JN3eyA==":"octo8r%20-%20analog%20journey%20logo%202-2000x1333.jpg","2CRSnQRs4Bt3TiA6YzjzhQ==":"octo8r_analog_journey_300x300-1000x1000.jpg","1grI5uO9nAyrK6bGDZnN6A==":"octo8r%20-%20analog%20journey%20logo%202-2000x1333.jpg","mIIbxW0r7dEZSbMPwcoYdg==":"background2.jpg","sT80Y4RCGNBrSInGgrjIuA==":"background3.jpg","UAc7kepzJPkrSn4uqTRvmw==":"background4.jpg","OM6hTwqMAQpTVhLcPG86xg==":"background1.jpg","+B4+lCZusy/4wwXxq9xBNQ==":"logo-face-2-1158x1158.png","iSB48dPDXnFnK1M0Gu5VIQ==":"bitwig%20pan-vol-1920x765.jpg","aLTZ8YyvHzd3HCylDX8N6A==":"octo8r%20-%20fortis%20calore%20logo-2000x2000.jpg","Fbwd1shJogVBAIXhp9/4xw==":"simple%20and%20plain%201-2-2000x1342.jpg","RGea7hJd3jNMlSR7xLJonA==":"2000x-2000x1342.png","geoFZxrOloE442jeOLDjHQ==":"simple%20and%20plain%201-2-2000x1341.jpg","l4aB5Gn7NQfcmbjxbb/PZg==":"simple%20and%20plain%201-2-2000x1341.jpeg","dbBo5iDTB2CVMr+nFeJImQ==":"mbr-720x1080.jpg","lDR9A/I2d5xmEvx0C81QZg==":"simple%20and%20plain%202%20-%201000x-2000x1342.jpeg","WINz5VYTDU6NXRJ73BTKVg==":"simple%20and%20plain%202%20-%201000x-2000x1342.jpeg","WYTEHuIWzTAZrupPQWnbkg==":"simple%20and%20plain%202%20-%201000x-2000x1342.jpeg","XotC1n1Kxq0JziU5Uuuy2w==":"simple%20and%20plain%202%20-%201000x-2000x1342.jpeg","TwSDCvv+mULYIyHEzNvJ/Q==":"simple%20and%20plain%202%20-%201000x-2000x1342.jpeg","CRAp4EhHC+T8nUCOti569w==":"milad-fakurian-1280x720.jpeg","/lzfngT+3FifP3ts/R18RQ==":"milad-fakurian-pgdw_bhdbpi-unsplash-2000x1500.jpeg","fkF1JTSB1CC5A8vNZGeFDA==":"octo8r%20-%20rhamnusia%20logo-2000x2000.jpeg","pa5Dkwo/T1qgW/t0h+fQvA==":"background5-1.jpg","xTDvJfS8tP8I7MPS2ezgQw==":"track%20logo-992x1300.png","AY60es8sZcEQAYhNabPOFA==":"track%20logo-992x1300.png","F6AMJl+nhWscmPc9ScKsgw==":"track%20logo-992x1300.png","uHb25e+bi6kJcT0zTubSvw==":"track%20logo-992x1300.png","wkMkJO3i8tdClj6lCJ9xfg==":"track%20logo-992x1300.png","1uK4PXEcWNJOa8zeN/u8dw==":"track%20logo-628x823.png","hIt4pxHSks7t/yK5EBXfHw==":"octo8r_face_melt_logo_1lx1l-1000x1000.jpeg","P17tBIhayDxUCnG7DO4RJw==":"octo8r%20-%20abyssi%20logo%20site-1280x720.jpeg","w1s2HgiQvJhsp4TRVxJauA==":"octo8r%20-%20abyssi%20logo-2000x2000.jpeg","YFqdqh33aF+0i1V2kKP5oQ==":"milad-fakurian-pgdw_bhdbpi-unsplash-1-2000x1500.jpeg","6ZUuuBqZlMBZlRGSqX8Pzg==":"octo8r%20-%20rhamnusia%20logo%20kvr-1000x1000.jpeg","QR6q0N3fLp/ZQ6ivubiL6Q==":"octo8r%20-%20rhamnusia%201.5-1500x1500.jpeg","KrUs4ZcOkp9lxM9tHhdTgw==":"octo8r%20-%20octobillion%20plucks%20%5B11-45%5D-1280x720.jpeg","aX1Ru4mxrsaGGQuPOjTShQ==":"octo8r%20-%20octobillion%20plucks%20%5B11-45%5D-1280x720.png","G/Rg2GpjCOLK79aFkXXVdg==":"octo8r%20-%20rhamnusia%201.5-1500x1500.jpeg","lvFwRebJkOByZEU6lTdh6Q==":"octo8r%20-%20dreamr-1280x720.jpeg","Vx+LVpv1MrOa/CNEWozhkA==":"octo8r%20-%20magnae-1280x720.jpeg","Fixs+izPet/eQbh0WD9RUA==":"octo8r%20-%20optime%20gemma-1280x720.jpeg","Tmtwmp/M9BmIeJBz0W8pWw==":"octo8r%20-%20spacetime-1280x720.jpeg","dBrJd6EbiWasz4bRvmUGtA==":"octo8r%20-%20dazzle-1280x720.jpeg","oCoCvBSOSDoRiWd7dd7sfA==":"octo8r%20-%20awe-1280x720.jpeg","K4SKdOIER7uMT7y9uBgAQw==":"octo8r%20-%20philotes%20yt-1280x720.jpeg","LGAh4jzy6cmh3QcgIy3RZQ==":"mukul-kumar-inbvqzsnu0m-unsplash-2000x2999.jpeg","vdzzma/acrvKnXAPUiu7Dw==":"mukul-kumar-inbvqzsnu0m-unsplash-1-2000x2999.jpeg","4qCpH2XHPpOpogt/JSHj7Q==":"octo8r%20-%20xpression%20yt-1280x720.jpeg","JKvQdERRRvbJ4ngcghkyag==":"octo8r%20-%20luv-rays%20site-1280x720.jpeg","Xk1LIcfgnaT/4Alw9VBqqA==":"octo8r%20-%20luv-rays%20site-1280x720.jpeg","goJvGIwtNSPvOlHcvQ1erw==":"octo8r%20-%20themonolith%202-2000x1125.jpeg","pPrD7qG40C+mcytSjto8Uw==":"octo8r%20-%20themonolith%20site-2000x1125.jpeg","geGKny+To3PT/Xi+dIqTkQ==":"octo8r%20-%20themonolith%20site-2000x1125.jpeg","Rn8BNcJKL8wJ1DUVfQfTag==":"octo8r%20-%20themonolith%20site-2000x1125.jpeg","sWrWUjzm6zC+DFXacvMjFw==":"octo8r%20-%20themonolith%20site-2000x1125.jpeg","GdlVVlHqMGcDVaMADUFRKg==":"octo8r%20-%20autumn%20vibe-1280x720.jpeg","pH9VdapVCrKGdFOl2P2xWQ==":"knifonium%20-%20acidum-1280x720.jpeg","yyLX3Mh91lVzI0IvUx43cw==":"octo8r%20-%20octobillion%20leads%20&%20plucks%20logo-1280x720.jpeg","8KWFQ6QYMpUDcIRZUyhBig==":"dsm%20v3%20-%20harman%20curve-1280x720.jpeg","bSZkn2PMlDl6FIuX8fXPOQ==":"dsm%20v3%20-%20harman%20curve%20no%20words-1280x720.jpeg","/FOVq40uDbsQHsxX9Asn4w==":"icarus%20-%20one%20point%20six-1280x720.jpeg","tdb76MPc/80W7X58Z5JORg==":"lion%20-%20sharp%20fangs-1280x720.jpeg","ueXqPJ/TgyFxlQv1j6S0oA==":"silo%20-%20tide%20of%20grains-1280x720.jpeg","uSVVVvH/+2F7j6xBmPbrLw==":"stutter%20edit%202%20-%20hot%20ice%20beats-1280x720.jpeg","5ikTi/wN54/xMPtXPrzdyA==":"zebralette3%20-%20zebra%20world-1280x720.jpeg","PFAuNXyXN5hfcCOD+GmyhA==":"zebralette3%20-%20zebra%20world-1280x720.jpeg","VbhVB0YYEoFA2aRS42oNrg==":"knifonium%20-%20beast-1280x720.jpeg","GecCo9BRFbWA4UuhW9pNsA==":"octo8r%20-%20abyssi%202%20logo%20site-1280x720.jpeg","XacKhDsJv1w+o5xDWvy7YQ==":"octo8r%20-%20abyssi%202%20video-1280x720.jpeg","avNv4+w/HbES/g/KTXsE7g==":"blossom%20-%20osc-1170x945.jpeg","BDU4kIhQbo2eBVMb5sLDuA==":"blossom%20-%20osc%20site-1800x1049.jpeg","uCZ4pWqHiB1b3LiSjU8OOQ==":"20220320-183904-2000x1500.jpeg","Ar0uPXFuWDirHsY/QudGgg==":"blossom%20-%20osc%20site-1800x1049.jpeg","zpW5qN/0l34V7p02HsDXaQ==":"bmp20128-1800x1456.png","nmvJKjLfH/qWYIC8oyrNQg==":"blossom%20-%20osc%20site-1800x1049.png","D27xDkvw5Skor3YgeCIVzg==":"blossom%20-%20osc%20site-1800x1049.jpeg","akTua8vDppVbGuGWvEDF+w==":"oberhausen%20-%20face%20melt%202-1280x720.jpeg","l2k4qW5D5Il6BqiPRi4p4g==":"serum%20skins%20logo-1280x720.jpeg","u/Zm6AI6X/Joag/+FEf8Xw==":"serum%20skins%20logo-1280x720.jpeg","24NNPYjnOiYhsUaLk3sT9g==":"blossom%20updated%20-%201-1125x910.jpeg","0EDdspPXg/YD4UDvqMY3GA==":"serum%20skins%20logo-1401x284.jpeg","ub37HZFQW6OkS0N3LhsQ+Q==":"serum%20skins%20logo-1401x284.jpeg","WISe4uNHGbgHeM/N0FuG3w==":"serum%20skins%20logo-1800x1049.jpeg","3gDBshh+7P1WW3OsIr/VSg==":"serum%20skins%20logo-1800x1049.jpeg","hC0fKTGzkgzLUp/zl0MvGQ==":"serum%20skins%20logo-1800x1049.jpeg","uqtR69ouasHZsLaFwO0EYg==":"serum%20skins%20logo-1800x1049.jpeg","XNa+3IUXlUBRnVkQkf4ViQ==":"goat%20-%201-892x722.jpeg","/vbiKoaRwA+il5srSnVruQ==":"goat%20-%201-512x414.jpeg","Y4HS8sAROsMIQoZDTk/odw==":"goat%20-%202-888x718.jpeg","FLWz8CoyelzcPnrJmapUWQ==":"blossom%20updated%20-%201-1076x870.jpeg","PV4Lp70TvgdO8aGu7VJ4Vg==":"goat%20-%201-1076x870.jpeg","F4SfuK9tbwvmGlOJP6+31Q==":"goat%20-%201-698x565.jpeg","AKeXn7kxAfrJ112xbxJOOQ==":"blossom%20-%20osc%20site%202-1800x1049.jpeg","6F+IVTFogbeeabKMBZu7Zg==":"goat%20-%20osc%20site-1800x1049.jpeg","CS2QcUgQ1eIqpJto+REJVg==":"octo8r%20-%20octobillion%20background-1280x720.png","Vx/TV0Qrg7Nn4rifdfBnyQ==":"octo8r%20-%20abyssi%203%20logo%20site%202-1280x720.jpeg","ahO0AQTFoUfDe7jgqa4WBw==":"fff%20'em%20video-1280x720.jpeg","sJOIfaQojLsbt8/zkEjzkA==":"fff%20'em%20video%20site-1280x720.jpeg","dRcIrwd7fdkNi7JigjnhLw==":"octo8r%20-%20mammoth%20site-2000x1125.jpeg","MdD2+UEqWQnr4tp5vY0xRA==":"octo8r_face_melt_logo_1lx1l-2-1000x1000.jpeg","/a+M4VFqxyrFVy8ee8Kknw==":"octo8r_fortis_calore_logo_1kx1k-1000x1000.jpeg","lbWZklrZu1SIkfjtlT4GhA==":"octo8r_analog_journey_300x300-1000x1000.jpeg","TeZfi3tWtXAx7nF/O1yDTA==":"octo8r%20-%20rhamnusia%20gumroad%201280x720-1280x720.jpeg","JI4diGhq30k2bq+5Y0XjZQ==":"octo8r%20-%20abyssi%20logo%201kx1k-1000x1000.jpeg","arekITIFCuBCGVIEW3pGkA==":"20220320-163509-2000x1500.jpeg","5YzQJ0ylMMVUxIb5rugsXQ==":"drum%20vitalizer%20site-1280x720.jpeg","ImQsxo16IHOZOScQvvD4LQ==":"spiral%20ascend-1280x720.jpeg","VockhZcPmvmWfI6vqnYh4A==":"spiral%20ascend%20site-1280x720.jpeg","wHqFN+/s913KdjCcVy+YFw==":"phaseplant%20-%20the%20fabric%20of%20being%20site-1280x720.jpeg","5j1bMNTE8kTDpee1OrP8sw==":"zyklop%20-%20infinite%20vistas%20site-1280x720.jpeg","X7ZHiCUFBHLK0oPwcDAYUg==":"octo8r%20-%20xgodx-1280x720.jpeg","d0GQP504AIeZRajY0ndjhw==":"octo8r%20-%20xgodx%20site-1280x720.jpeg","ENPJ9mc1I9fgIqS9UpOYkw==":"echoes%20of%20apricity%20site-1280x720.jpeg","4oS83YzY5MDCPH8G9WR5zA==":"neuro%20injection%20logo-1280x720.jpeg","GPWbxIqsqk3e2RUW0/e5Qw==":"neuro%20injection%20site-1280x720.jpeg","ltkClL8cJjmixB66i0kFIA==":"crucifixion%20logo-1280x720.jpeg","b8Pyf6unsrm06TT05GN1XA==":"oberhausen%20-%20ad%20astra%20gumroad-1280x720.jpeg","1wfgv/9Yf87QIVcP6pIb6A==":"test%201-600x400.jpeg","JwAO/WFUki8leNzUCRelwQ==":"test%202-600x400.jpeg","+RfE6ew6NfNuHY1IUnoEaQ==":"octo8r%20-%20octobillion%20plucks%20%5B11-45%5D-1280x720.png","gYaR2pE9L6lff0ZTp6U5yw==":"octo8r-xpression2.jpg-1280x720.jpeg","YjTi1+6jvBwZHQ0BuAT2+g==":"octo8r-xpression2-site.jpg-1280x720.jpeg","YFKAI+LcG0RU7veMfCy3zw==":"liquid-glaze.jpg-1280x720.jpeg","X2/tjV6XxDFhb8iuUSOd5A==":"liquid-glaze-site.jpg-1280x720.jpeg","FYaOp/uhsBV2+dMgVyP8dw==":"octo8r-jelly-world.jpg-1280x720.jpeg","faUQfVMxBADt51/Oc2BHlw==":"octo8r-jelly-world-site.jpg-1280x720.jpeg","pd8coXAl+xsiIMY5FwDIaQ==":"knifonium-c2-threat-site.jpg-1280x720.jpeg","G4IuhkAz4IOusm9T1GoX5g==":"knifonium-c2-threat-site.jpg-1-1280x720.jpeg","s/FoFXv1aWZ922FVBgfwEQ==":"octo8r-abyssi-4.jpg-1280x720.jpg","q7DOOWNcs45K37P0irGwmA==":"octo8r-abyssi-4-logo-site.jpg-1280x720.jpeg"}